"fraud_id","account_id","transaction_id","fraud_type","fraud_details","detection_date"
1,156,17,"Dynamic Large Transaction Fraud","Transaction amount: $46458.22 exceeds 44481.55 (threshold)","2024-08-24 00:03:23"
2,18,96,"Dynamic Large Transaction Fraud","Transaction amount: $43768.42 exceeds 42846.61 (threshold)","2024-08-24 00:03:23"
3,17,110,"Dynamic Large Transaction Fraud","Transaction amount: $45323.76 exceeds 39788.39 (threshold)","2024-08-24 00:03:23"
4,178,122,"Dynamic Large Transaction Fraud","Transaction amount: $48811.86 exceeds 45962.46 (threshold)","2024-08-24 00:03:23"
5,78,145,"Dynamic Large Transaction Fraud","Transaction amount: $46947.99 exceeds 45362.94 (threshold)","2024-08-24 00:03:23"
6,177,152,"Dynamic Large Transaction Fraud","Transaction amount: $49397.73 exceeds 42312.21 (threshold)","2024-08-24 00:03:23"
7,62,155,"Dynamic Large Transaction Fraud","Transaction amount: $46332.24 exceeds 37088.17 (threshold)","2024-08-24 00:03:23"
8,78,165,"Dynamic Large Transaction Fraud","Transaction amount: $49920.79 exceeds 45362.94 (threshold)","2024-08-24 00:03:23"
9,167,257,"Dynamic Large Transaction Fraud","Transaction amount: $40371.34 exceeds 37331.48 (threshold)","2024-08-24 00:03:23"
10,88,297,"Dynamic Large Transaction Fraud","Transaction amount: $44986.18 exceeds 41791.93 (threshold)","2024-08-24 00:03:23"
11,130,354,"Dynamic Large Transaction Fraud","Transaction amount: $47419.44 exceeds 40298.24 (threshold)","2024-08-24 00:03:23"
12,142,428,"Dynamic Large Transaction Fraud","Transaction amount: $45166.44 exceeds 40247.25 (threshold)","2024-08-24 00:03:23"
13,14,483,"Dynamic Large Transaction Fraud","Transaction amount: $47878.54 exceeds 41849.83 (threshold)","2024-08-24 00:03:23"
14,198,551,"Dynamic Large Transaction Fraud","Transaction amount: $49683.22 exceeds 49224.83 (threshold)","2024-08-24 00:03:23"
15,189,557,"Dynamic Large Transaction Fraud","Transaction amount: $49889.60 exceeds 45045.84 (threshold)","2024-08-24 00:03:23"
16,133,580,"Dynamic Large Transaction Fraud","Transaction amount: $44282.65 exceeds 41017.43 (threshold)","2024-08-24 00:03:23"
17,167,635,"Dynamic Large Transaction Fraud","Transaction amount: $49265.50 exceeds 37331.48 (threshold)","2024-08-24 00:03:23"
18,128,657,"Dynamic Large Transaction Fraud","Transaction amount: $47722.11 exceeds 46940.99 (threshold)","2024-08-24 00:03:23"
19,154,684,"Dynamic Large Transaction Fraud","Transaction amount: $49788.34 exceeds 44321.09 (threshold)","2024-08-24 00:03:23"
20,92,692,"Dynamic Large Transaction Fraud","Transaction amount: $49397.26 exceeds 47193.26 (threshold)","2024-08-24 00:03:23"
21,133,725,"Dynamic Large Transaction Fraud","Transaction amount: $46042.61 exceeds 41017.43 (threshold)","2024-08-24 00:03:23"
22,154,732,"Dynamic Large Transaction Fraud","Transaction amount: $44829.46 exceeds 44321.09 (threshold)","2024-08-24 00:03:23"
23,134,768,"Dynamic Large Transaction Fraud","Transaction amount: $46554.14 exceeds 42913.30 (threshold)","2024-08-24 00:03:23"
24,18,775,"Dynamic Large Transaction Fraud","Transaction amount: $48812.77 exceeds 42846.61 (threshold)","2024-08-24 00:03:23"
25,134,776,"Dynamic Large Transaction Fraud","Transaction amount: $45369.85 exceeds 42913.30 (threshold)","2024-08-24 00:03:23"
26,101,789,"Dynamic Large Transaction Fraud","Transaction amount: $44766.24 exceeds 44226.89 (threshold)","2024-08-24 00:03:23"
27,164,815,"Dynamic Large Transaction Fraud","Transaction amount: $45836.02 exceeds 43260.93 (threshold)","2024-08-24 00:03:23"
28,142,856,"Dynamic Large Transaction Fraud","Transaction amount: $43633.11 exceeds 40247.25 (threshold)","2024-08-24 00:03:23"
29,169,905,"Dynamic Large Transaction Fraud","Transaction amount: $49203.65 exceeds 45698.74 (threshold)","2024-08-24 00:03:23"
30,143,967,"Dynamic Large Transaction Fraud","Transaction amount: $48144.41 exceeds 44519.25 (threshold)","2024-08-24 00:03:23"
31,98,1046,"Dynamic Large Transaction Fraud","Transaction amount: $45565.10 exceeds 44700.60 (threshold)","2024-08-24 00:03:23"
32,51,1058,"Dynamic Large Transaction Fraud","Transaction amount: $46965.96 exceeds 41982.13 (threshold)","2024-08-24 00:03:23"
33,60,1059,"Dynamic Large Transaction Fraud","Transaction amount: $49924.82 exceeds 47321.02 (threshold)","2024-08-24 00:03:23"
34,98,1060,"Dynamic Large Transaction Fraud","Transaction amount: $46348.01 exceeds 44700.60 (threshold)","2024-08-24 00:03:23"
35,88,1083,"Dynamic Large Transaction Fraud","Transaction amount: $43693.26 exceeds 41791.93 (threshold)","2024-08-24 00:03:23"
36,194,1188,"Dynamic Large Transaction Fraud","Transaction amount: $49213.33 exceeds 46590.90 (threshold)","2024-08-24 00:03:23"
37,153,1207,"Dynamic Large Transaction Fraud","Transaction amount: $47178.06 exceeds 46011.46 (threshold)","2024-08-24 00:03:23"
38,194,1229,"Dynamic Large Transaction Fraud","Transaction amount: $48088.15 exceeds 46590.90 (threshold)","2024-08-24 00:03:23"
39,54,1322,"Dynamic Large Transaction Fraud","Transaction amount: $49619.97 exceeds 48598.65 (threshold)","2024-08-24 00:03:23"
40,92,1323,"Dynamic Large Transaction Fraud","Transaction amount: $48888.97 exceeds 47193.26 (threshold)","2024-08-24 00:03:23"
41,173,1400,"Dynamic Large Transaction Fraud","Transaction amount: $49168.48 exceeds 48632.89 (threshold)","2024-08-24 00:03:23"
42,54,1451,"Dynamic Large Transaction Fraud","Transaction amount: $48804.59 exceeds 48598.65 (threshold)","2024-08-24 00:03:23"
43,154,1475,"Dynamic Large Transaction Fraud","Transaction amount: $45672.10 exceeds 44321.09 (threshold)","2024-08-24 00:03:23"
44,199,1485,"Dynamic Large Transaction Fraud","Transaction amount: $48082.92 exceeds 46228.71 (threshold)","2024-08-24 00:03:23"
45,91,1545,"Dynamic Large Transaction Fraud","Transaction amount: $40698.57 exceeds 40633.50 (threshold)","2024-08-24 00:03:23"
46,14,1586,"Dynamic Large Transaction Fraud","Transaction amount: $49382.50 exceeds 41849.83 (threshold)","2024-08-24 00:03:23"
47,128,1611,"Dynamic Large Transaction Fraud","Transaction amount: $49535.61 exceeds 46940.99 (threshold)","2024-08-24 00:03:23"
48,145,1621,"Dynamic Large Transaction Fraud","Transaction amount: $47466.09 exceeds 42795.70 (threshold)","2024-08-24 00:03:23"
49,127,1638,"Dynamic Large Transaction Fraud","Transaction amount: $48685.34 exceeds 47472.42 (threshold)","2024-08-24 00:03:23"
50,62,1710,"Dynamic Large Transaction Fraud","Transaction amount: $44671.76 exceeds 37088.17 (threshold)","2024-08-24 00:03:23"
51,108,1712,"Dynamic Large Transaction Fraud","Transaction amount: $49572.40 exceeds 46229.10 (threshold)","2024-08-24 00:03:23"
52,129,1785,"Dynamic Large Transaction Fraud","Transaction amount: $46934.28 exceeds 44710.39 (threshold)","2024-08-24 00:03:23"
53,69,1810,"Dynamic Large Transaction Fraud","Transaction amount: $44225.32 exceeds 38816.67 (threshold)","2024-08-24 00:03:23"
54,156,1862,"Dynamic Large Transaction Fraud","Transaction amount: $45099.57 exceeds 44481.55 (threshold)","2024-08-24 00:03:23"
55,43,1914,"Dynamic Large Transaction Fraud","Transaction amount: $48383.98 exceeds 47867.19 (threshold)","2024-08-24 00:03:23"
56,70,1942,"Dynamic Large Transaction Fraud","Transaction amount: $49153.19 exceeds 48817.32 (threshold)","2024-08-24 00:03:23"
57,91,1953,"Dynamic Large Transaction Fraud","Transaction amount: $43622.42 exceeds 40633.50 (threshold)","2024-08-24 00:03:23"
58,62,1970,"Dynamic Large Transaction Fraud","Transaction amount: $45731.09 exceeds 37088.17 (threshold)","2024-08-24 00:03:23"
59,22,1981,"Dynamic Large Transaction Fraud","Transaction amount: $39510.10 exceeds 39465.45 (threshold)","2024-08-24 00:03:23"
60,17,2014,"Dynamic Large Transaction Fraud","Transaction amount: $47911.19 exceeds 39788.39 (threshold)","2024-08-24 00:03:23"
61,125,2076,"Dynamic Large Transaction Fraud","Transaction amount: $48502.79 exceeds 45793.97 (threshold)","2024-08-24 00:03:23"
62,62,2081,"Dynamic Large Transaction Fraud","Transaction amount: $49091.66 exceeds 37088.17 (threshold)","2024-08-24 00:03:23"
63,62,2108,"Dynamic Large Transaction Fraud","Transaction amount: $45135.02 exceeds 37088.17 (threshold)","2024-08-24 00:03:23"
64,159,2136,"Dynamic Large Transaction Fraud","Transaction amount: $47588.29 exceeds 42057.60 (threshold)","2024-08-24 00:03:23"
65,187,2205,"Dynamic Large Transaction Fraud","Transaction amount: $48654.55 exceeds 42912.86 (threshold)","2024-08-24 00:03:23"
66,7,2228,"Dynamic Large Transaction Fraud","Transaction amount: $49412.11 exceeds 48519.89 (threshold)","2024-08-24 00:03:23"
67,69,2252,"Dynamic Large Transaction Fraud","Transaction amount: $43923.77 exceeds 38816.67 (threshold)","2024-08-24 00:03:23"
68,75,2304,"Dynamic Large Transaction Fraud","Transaction amount: $45118.23 exceeds 41700.33 (threshold)","2024-08-24 00:03:23"
69,26,2340,"Dynamic Large Transaction Fraud","Transaction amount: $49503.86 exceeds 46602.68 (threshold)","2024-08-24 00:03:23"
70,161,2396,"Dynamic Large Transaction Fraud","Transaction amount: $49872.98 exceeds 42403.00 (threshold)","2024-08-24 00:03:23"
71,193,2488,"Dynamic Large Transaction Fraud","Transaction amount: $48526.25 exceeds 46542.05 (threshold)","2024-08-24 00:03:23"
72,26,2505,"Dynamic Large Transaction Fraud","Transaction amount: $48183.24 exceeds 46602.68 (threshold)","2024-08-24 00:03:23"
73,78,2510,"Dynamic Large Transaction Fraud","Transaction amount: $48417.49 exceeds 45362.94 (threshold)","2024-08-24 00:03:23"
74,108,2544,"Dynamic Large Transaction Fraud","Transaction amount: $49134.91 exceeds 46229.10 (threshold)","2024-08-24 00:03:23"
75,143,2605,"Dynamic Large Transaction Fraud","Transaction amount: $44929.00 exceeds 44519.25 (threshold)","2024-08-24 00:03:23"
76,72,2611,"Dynamic Large Transaction Fraud","Transaction amount: $49198.96 exceeds 42563.20 (threshold)","2024-08-24 00:03:23"
77,15,2715,"Dynamic Large Transaction Fraud","Transaction amount: $48872.82 exceeds 48403.66 (threshold)","2024-08-24 00:03:23"
78,115,2733,"Dynamic Large Transaction Fraud","Transaction amount: $39210.98 exceeds 37678.40 (threshold)","2024-08-24 00:03:23"
79,189,2815,"Dynamic Large Transaction Fraud","Transaction amount: $49504.94 exceeds 45045.84 (threshold)","2024-08-24 00:03:23"
80,22,2819,"Dynamic Large Transaction Fraud","Transaction amount: $44801.82 exceeds 39465.45 (threshold)","2024-08-24 00:03:23"
81,171,2827,"Dynamic Large Transaction Fraud","Transaction amount: $48988.04 exceeds 48390.59 (threshold)","2024-08-24 00:03:23"
82,167,2832,"Dynamic Large Transaction Fraud","Transaction amount: $41573.18 exceeds 37331.48 (threshold)","2024-08-24 00:03:23"
83,196,2865,"Dynamic Large Transaction Fraud","Transaction amount: $48546.09 exceeds 44499.23 (threshold)","2024-08-24 00:03:23"
84,183,2921,"Dynamic Large Transaction Fraud","Transaction amount: $48342.28 exceeds 44880.46 (threshold)","2024-08-24 00:03:23"
85,96,2962,"Dynamic Large Transaction Fraud","Transaction amount: $47473.55 exceeds 46765.59 (threshold)","2024-08-24 00:03:23"
86,185,3001,"Dynamic Large Transaction Fraud","Transaction amount: $48915.81 exceeds 48705.72 (threshold)","2024-08-24 00:03:23"
87,195,3047,"Dynamic Large Transaction Fraud","Transaction amount: $49099.35 exceeds 45775.84 (threshold)","2024-08-24 00:03:23"
88,130,3055,"Dynamic Large Transaction Fraud","Transaction amount: $48391.72 exceeds 40298.24 (threshold)","2024-08-24 00:03:23"
89,159,3090,"Dynamic Large Transaction Fraud","Transaction amount: $49679.68 exceeds 42057.60 (threshold)","2024-08-24 00:03:23"
90,189,3091,"Dynamic Large Transaction Fraud","Transaction amount: $46708.04 exceeds 45045.84 (threshold)","2024-08-24 00:03:23"
91,20,3266,"Dynamic Large Transaction Fraud","Transaction amount: $47113.84 exceeds 45565.89 (threshold)","2024-08-24 00:03:23"
92,106,3278,"Dynamic Large Transaction Fraud","Transaction amount: $46527.20 exceeds 41637.92 (threshold)","2024-08-24 00:03:23"
93,23,3293,"Dynamic Large Transaction Fraud","Transaction amount: $46826.53 exceeds 46084.36 (threshold)","2024-08-24 00:03:23"
94,145,3326,"Dynamic Large Transaction Fraud","Transaction amount: $48499.56 exceeds 42795.70 (threshold)","2024-08-24 00:03:23"
95,180,3341,"Dynamic Large Transaction Fraud","Transaction amount: $49946.13 exceeds 43296.78 (threshold)","2024-08-24 00:03:23"
96,183,3357,"Dynamic Large Transaction Fraud","Transaction amount: $49580.19 exceeds 44880.46 (threshold)","2024-08-24 00:03:23"
97,20,3364,"Dynamic Large Transaction Fraud","Transaction amount: $47621.88 exceeds 45565.89 (threshold)","2024-08-24 00:03:23"
98,96,3397,"Dynamic Large Transaction Fraud","Transaction amount: $47541.67 exceeds 46765.59 (threshold)","2024-08-24 00:03:23"
99,78,3494,"Dynamic Large Transaction Fraud","Transaction amount: $46104.83 exceeds 45362.94 (threshold)","2024-08-24 00:03:23"
100,91,3501,"Dynamic Large Transaction Fraud","Transaction amount: $47014.17 exceeds 40633.50 (threshold)","2024-08-24 00:03:23"
101,75,3521,"Dynamic Large Transaction Fraud","Transaction amount: $41971.95 exceeds 41700.33 (threshold)","2024-08-24 00:03:23"
102,14,3525,"Dynamic Large Transaction Fraud","Transaction amount: $43222.51 exceeds 41849.83 (threshold)","2024-08-24 00:03:23"
103,40,3529,"Dynamic Large Transaction Fraud","Transaction amount: $48161.62 exceeds 46599.83 (threshold)","2024-08-24 00:03:23"
104,108,3595,"Dynamic Large Transaction Fraud","Transaction amount: $47684.82 exceeds 46229.10 (threshold)","2024-08-24 00:03:23"
105,171,3641,"Dynamic Large Transaction Fraud","Transaction amount: $48648.25 exceeds 48390.59 (threshold)","2024-08-24 00:03:23"
106,75,3651,"Dynamic Large Transaction Fraud","Transaction amount: $44950.67 exceeds 41700.33 (threshold)","2024-08-24 00:03:23"
107,117,3714,"Dynamic Large Transaction Fraud","Transaction amount: $48990.23 exceeds 47385.67 (threshold)","2024-08-24 00:03:23"
108,51,3763,"Dynamic Large Transaction Fraud","Transaction amount: $42878.29 exceeds 41982.13 (threshold)","2024-08-24 00:03:23"
109,121,3767,"Dynamic Large Transaction Fraud","Transaction amount: $46049.34 exceeds 41350.50 (threshold)","2024-08-24 00:03:23"
110,69,3826,"Dynamic Large Transaction Fraud","Transaction amount: $43383.63 exceeds 38816.67 (threshold)","2024-08-24 00:03:23"
111,193,3845,"Dynamic Large Transaction Fraud","Transaction amount: $48036.13 exceeds 46542.05 (threshold)","2024-08-24 00:03:23"
112,159,3878,"Dynamic Large Transaction Fraud","Transaction amount: $42319.15 exceeds 42057.60 (threshold)","2024-08-24 00:03:23"
113,149,3883,"Dynamic Large Transaction Fraud","Transaction amount: $44315.25 exceeds 39338.63 (threshold)","2024-08-24 00:03:23"
114,40,3909,"Dynamic Large Transaction Fraud","Transaction amount: $46733.65 exceeds 46599.83 (threshold)","2024-08-24 00:03:23"
115,35,3913,"Dynamic Large Transaction Fraud","Transaction amount: $45843.49 exceeds 45364.32 (threshold)","2024-08-24 00:03:23"
116,121,3921,"Dynamic Large Transaction Fraud","Transaction amount: $45865.92 exceeds 41350.50 (threshold)","2024-08-24 00:03:23"
117,183,3973,"Dynamic Large Transaction Fraud","Transaction amount: $45713.62 exceeds 44880.46 (threshold)","2024-08-24 00:03:23"
118,156,4000,"Dynamic Large Transaction Fraud","Transaction amount: $45108.53 exceeds 44481.55 (threshold)","2024-08-24 00:03:23"
119,188,4002,"Dynamic Large Transaction Fraud","Transaction amount: $49971.84 exceeds 48508.05 (threshold)","2024-08-24 00:03:23"
120,154,4081,"Dynamic Large Transaction Fraud","Transaction amount: $45203.47 exceeds 44321.09 (threshold)","2024-08-24 00:03:23"
121,121,4104,"Dynamic Large Transaction Fraud","Transaction amount: $46938.69 exceeds 41350.50 (threshold)","2024-08-24 00:03:23"
122,35,4134,"Dynamic Large Transaction Fraud","Transaction amount: $45718.23 exceeds 45364.32 (threshold)","2024-08-24 00:03:23"
123,189,4181,"Dynamic Large Transaction Fraud","Transaction amount: $47290.47 exceeds 45045.84 (threshold)","2024-08-24 00:03:23"
124,22,4186,"Dynamic Large Transaction Fraud","Transaction amount: $44726.48 exceeds 39465.45 (threshold)","2024-08-24 00:03:23"
125,161,4203,"Dynamic Large Transaction Fraud","Transaction amount: $44992.62 exceeds 42403.00 (threshold)","2024-08-24 00:03:23"
126,161,4207,"Dynamic Large Transaction Fraud","Transaction amount: $46815.03 exceeds 42403.00 (threshold)","2024-08-24 00:03:23"
127,106,4209,"Dynamic Large Transaction Fraud","Transaction amount: $42383.10 exceeds 41637.92 (threshold)","2024-08-24 00:03:23"
128,88,4215,"Dynamic Large Transaction Fraud","Transaction amount: $47007.93 exceeds 41791.93 (threshold)","2024-08-24 00:03:23"
129,35,4235,"Dynamic Large Transaction Fraud","Transaction amount: $48738.71 exceeds 45364.32 (threshold)","2024-08-24 00:03:23"
130,133,4292,"Dynamic Large Transaction Fraud","Transaction amount: $45245.09 exceeds 41017.43 (threshold)","2024-08-24 00:03:23"
131,28,4324,"Dynamic Large Transaction Fraud","Transaction amount: $48120.72 exceeds 46216.77 (threshold)","2024-08-24 00:03:23"
132,97,4330,"Dynamic Large Transaction Fraud","Transaction amount: $49697.45 exceeds 48878.13 (threshold)","2024-08-24 00:03:23"
133,187,4339,"Dynamic Large Transaction Fraud","Transaction amount: $49652.24 exceeds 42912.86 (threshold)","2024-08-24 00:03:23"
134,185,4471,"Dynamic Large Transaction Fraud","Transaction amount: $49075.47 exceeds 48705.72 (threshold)","2024-08-24 00:03:23"
135,75,4472,"Dynamic Large Transaction Fraud","Transaction amount: $42305.39 exceeds 41700.33 (threshold)","2024-08-24 00:03:23"
136,173,4475,"Dynamic Large Transaction Fraud","Transaction amount: $49435.08 exceeds 48632.89 (threshold)","2024-08-24 00:03:23"
137,22,4497,"Dynamic Large Transaction Fraud","Transaction amount: $46860.64 exceeds 39465.45 (threshold)","2024-08-24 00:03:23"
138,145,4510,"Dynamic Large Transaction Fraud","Transaction amount: $45804.32 exceeds 42795.70 (threshold)","2024-08-24 00:03:23"
139,187,4594,"Dynamic Large Transaction Fraud","Transaction amount: $45764.09 exceeds 42912.86 (threshold)","2024-08-24 00:03:23"
140,78,4601,"Dynamic Large Transaction Fraud","Transaction amount: $49143.09 exceeds 45362.94 (threshold)","2024-08-24 00:03:23"
141,188,4621,"Dynamic Large Transaction Fraud","Transaction amount: $48828.50 exceeds 48508.05 (threshold)","2024-08-24 00:03:23"
142,195,4737,"Dynamic Large Transaction Fraud","Transaction amount: $49647.69 exceeds 45775.84 (threshold)","2024-08-24 00:03:23"
143,125,4747,"Dynamic Large Transaction Fraud","Transaction amount: $47996.14 exceeds 45793.97 (threshold)","2024-08-24 00:03:23"
144,72,4757,"Dynamic Large Transaction Fraud","Transaction amount: $46399.90 exceeds 42563.20 (threshold)","2024-08-24 00:03:23"
145,125,4792,"Dynamic Large Transaction Fraud","Transaction amount: $47496.04 exceeds 45793.97 (threshold)","2024-08-24 00:03:23"
146,161,4793,"Dynamic Large Transaction Fraud","Transaction amount: $48715.92 exceeds 42403.00 (threshold)","2024-08-24 00:03:23"
147,51,4797,"Dynamic Large Transaction Fraud","Transaction amount: $48545.80 exceeds 41982.13 (threshold)","2024-08-24 00:03:23"
148,98,4798,"Dynamic Large Transaction Fraud","Transaction amount: $46510.87 exceeds 44700.60 (threshold)","2024-08-24 00:03:23"
149,149,4803,"Dynamic Large Transaction Fraud","Transaction amount: $46633.86 exceeds 39338.63 (threshold)","2024-08-24 00:03:23"
150,40,4852,"Dynamic Large Transaction Fraud","Transaction amount: $47057.74 exceeds 46599.83 (threshold)","2024-08-24 00:03:23"
151,130,4901,"Dynamic Large Transaction Fraud","Transaction amount: $47320.77 exceeds 40298.24 (threshold)","2024-08-24 00:03:23"
152,151,4964,"Dynamic Large Transaction Fraud","Transaction amount: $49082.44 exceeds 47613.87 (threshold)","2024-08-24 00:03:23"
153,169,4995,"Dynamic Large Transaction Fraud","Transaction amount: $48757.35 exceeds 45698.74 (threshold)","2024-08-24 00:03:23"
256,5,2012,"Gap Between Transactions Exceeds 1 year","Gap between transaction on 2014-09-08 transaction id 210 and 2016-01-18 is 497 days.","2024-08-24 00:03:26"
257,7,2228,"Gap Between Transactions Exceeds 1 year","Gap between transaction on 2021-11-24 transaction id 772 and 2023-06-29 is 582 days.","2024-08-24 00:03:26"
258,7,991,"Gap Between Transactions Exceeds 1 year","Gap between transaction on 2013-06-20 transaction id 4961 and 2014-07-02 is 377 days.","2024-08-24 00:03:26"
259,8,1430,"Gap Between Transactions Exceeds 1 year","Gap between transaction on 2023-02-17 transaction id 2037 and 2024-03-02 is 379 days.","2024-08-24 00:03:26"
260,11,3112,"Gap Between Transactions Exceeds 1 year","Gap between transaction on 2020-03-11 transaction id 1313 and 2021-09-22 is 560 days.","2024-08-24 00:03:26"
261,11,2119,"Gap Between Transactions Exceeds 1 year","Gap between transaction on 2016-12-13 transaction id 2413 and 2018-02-23 is 437 days.","2024-08-24 00:03:26"
262,18,96,"Gap Between Transactions Exceeds 1 year","Gap between transaction on 2019-03-01 transaction id 3753 and 2021-05-31 is 822 days.","2024-08-24 00:03:26"
263,19,1167,"Gap Between Transactions Exceeds 1 year","Gap between transaction on 2020-01-26 transaction id 3638 and 2021-08-22 is 574 days.","2024-08-24 00:03:26"
264,21,4441,"Gap Between Transactions Exceeds 1 year","Gap between transaction on 2014-07-07 transaction id 4265 and 2019-02-13 is 1682 days.","2024-08-24 00:03:26"
265,21,3621,"Gap Between Transactions Exceeds 1 year","Gap between transaction on 2012-05-01 transaction id 3419 and 2013-06-30 is 425 days.","2024-08-24 00:03:26"
266,31,3634,"Gap Between Transactions Exceeds 1 year","Gap between transaction on 2016-08-26 transaction id 4116 and 2018-02-16 is 539 days.","2024-08-24 00:03:26"
267,33,3784,"Gap Between Transactions Exceeds 1 year","Gap between transaction on 2016-12-29 transaction id 800 and 2018-04-17 is 474 days.","2024-08-24 00:03:26"
268,33,3013,"Gap Between Transactions Exceeds 1 year","Gap between transaction on 2012-04-07 transaction id 3346 and 2013-05-24 is 412 days.","2024-08-24 00:03:26"
269,35,3913,"Gap Between Transactions Exceeds 1 year","Gap between transaction on 2022-07-26 transaction id 2651 and 2024-05-16 is 660 days.","2024-08-24 00:03:26"
270,36,1050,"Gap Between Transactions Exceeds 1 year","Gap between transaction on 2014-08-21 transaction id 2255 and 2015-11-07 is 443 days.","2024-08-24 00:03:26"
271,37,3168,"Gap Between Transactions Exceeds 1 year","Gap between transaction on 2016-02-13 transaction id 760 and 2018-03-27 is 773 days.","2024-08-24 00:03:26"
272,39,4200,"Gap Between Transactions Exceeds 1 year","Gap between transaction on 2017-09-06 transaction id 3216 and 2018-11-18 is 438 days.","2024-08-24 00:03:26"
273,39,4108,"Gap Between Transactions Exceeds 1 year","Gap between transaction on 2010-12-20 transaction id 4334 and 2012-03-04 is 440 days.","2024-08-24 00:03:26"
274,42,2600,"Gap Between Transactions Exceeds 1 year","Gap between transaction on 2016-06-09 transaction id 2763 and 2017-09-15 is 463 days.","2024-08-24 00:03:26"
275,42,4897,"Gap Between Transactions Exceeds 1 year","Gap between transaction on 2019-03-05 transaction id 977 and 2021-02-27 is 725 days.","2024-08-24 00:03:26"
276,44,4629,"Gap Between Transactions Exceeds 1 year","Gap between transaction on 2017-03-11 transaction id 3993 and 2018-08-05 is 512 days.","2024-08-24 00:03:26"
277,46,4071,"Gap Between Transactions Exceeds 1 year","Gap between transaction on 2016-05-15 transaction id 1107 and 2017-08-02 is 444 days.","2024-08-24 00:03:26"
278,48,4489,"Gap Between Transactions Exceeds 1 year","Gap between transaction on 2019-05-11 transaction id 183 and 2021-01-24 is 624 days.","2024-08-24 00:03:26"
279,48,4545,"Gap Between Transactions Exceeds 1 year","Gap between transaction on 2021-06-09 transaction id 3739 and 2022-06-15 is 371 days.","2024-08-24 00:03:26"
280,50,3374,"Gap Between Transactions Exceeds 1 year","Gap between transaction on 2020-07-24 transaction id 2785 and 2023-07-20 is 1091 days.","2024-08-24 00:03:26"
281,53,1713,"Gap Between Transactions Exceeds 1 year","Gap between transaction on 2022-10-27 transaction id 984 and 2024-05-23 is 574 days.","2024-08-24 00:03:26"
282,55,1118,"Gap Between Transactions Exceeds 1 year","Gap between transaction on 2022-03-17 transaction id 1172 and 2023-06-14 is 454 days.","2024-08-24 00:03:26"
283,55,2799,"Gap Between Transactions Exceeds 1 year","Gap between transaction on 2012-11-11 transaction id 4511 and 2014-02-14 is 460 days.","2024-08-24 00:03:26"
284,55,4371,"Gap Between Transactions Exceeds 1 year","Gap between transaction on 2020-04-14 transaction id 1252 and 2021-12-11 is 606 days.","2024-08-24 00:03:26"
285,55,351,"Gap Between Transactions Exceeds 1 year","Gap between transaction on 2014-08-24 transaction id 414 and 2016-04-20 is 605 days.","2024-08-24 00:03:26"
286,55,254,"Gap Between Transactions Exceeds 1 year","Gap between transaction on 2010-07-18 transaction id 1278 and 2011-10-25 is 464 days.","2024-08-24 00:03:26"
287,59,1239,"Gap Between Transactions Exceeds 1 year","Gap between transaction on 2019-08-20 transaction id 4795 and 2020-10-13 is 420 days.","2024-08-24 00:03:26"
288,59,956,"Gap Between Transactions Exceeds 1 year","Gap between transaction on 2020-12-27 transaction id 1601 and 2022-05-12 is 501 days.","2024-08-24 00:03:26"
289,61,4920,"Gap Between Transactions Exceeds 1 year","Gap between transaction on 2018-06-10 transaction id 626 and 2019-06-30 is 385 days.","2024-08-24 00:03:26"
290,64,3633,"Gap Between Transactions Exceeds 1 year","Gap between transaction on 2015-03-05 transaction id 840 and 2016-09-28 is 573 days.","2024-08-24 00:03:26"
291,65,141,"Gap Between Transactions Exceeds 1 year","Gap between transaction on 2019-10-19 transaction id 3378 and 2021-03-22 is 520 days.","2024-08-24 00:03:26"
292,66,2853,"Gap Between Transactions Exceeds 1 year","Gap between transaction on 2017-04-22 transaction id 3956 and 2018-08-04 is 469 days.","2024-08-24 00:03:26"
293,67,2979,"Gap Between Transactions Exceeds 1 year","Gap between transaction on 2014-01-04 transaction id 353 and 2016-03-17 is 803 days.","2024-08-24 00:03:26"
294,68,1202,"Gap Between Transactions Exceeds 1 year","Gap between transaction on 2007-02-25 transaction id 4041 and 2009-02-20 is 726 days.","2024-08-24 00:03:26"
295,69,1810,"Gap Between Transactions Exceeds 1 year","Gap between transaction on 2014-04-02 transaction id 1484 and 2015-05-27 is 420 days.","2024-08-24 00:03:26"
296,69,3826,"Gap Between Transactions Exceeds 1 year","Gap between transaction on 2022-09-20 transaction id 570 and 2023-10-11 is 386 days.","2024-08-24 00:03:26"
297,73,3473,"Gap Between Transactions Exceeds 1 year","Gap between transaction on 2014-02-06 transaction id 2461 and 2016-02-18 is 742 days.","2024-08-24 00:03:26"
298,74,722,"Gap Between Transactions Exceeds 1 year","Gap between transaction on 2016-11-16 transaction id 3576 and 2018-10-05 is 688 days.","2024-08-24 00:03:26"
299,74,233,"Gap Between Transactions Exceeds 1 year","Gap between transaction on 2008-05-17 transaction id 1213 and 2009-05-24 is 372 days.","2024-08-24 00:03:26"
300,77,2699,"Gap Between Transactions Exceeds 1 year","Gap between transaction on 2022-07-19 transaction id 471 and 2023-07-25 is 371 days.","2024-08-24 00:03:26"
301,85,3688,"Gap Between Transactions Exceeds 1 year","Gap between transaction on 2009-01-10 transaction id 84 and 2010-04-08 is 453 days.","2024-08-24 00:03:26"
302,86,3686,"Gap Between Transactions Exceeds 1 year","Gap between transaction on 2015-11-16 transaction id 3726 and 2019-01-13 is 1154 days.","2024-08-24 00:03:26"
303,87,3713,"Gap Between Transactions Exceeds 1 year","Gap between transaction on 2017-09-27 transaction id 1706 and 2020-08-25 is 1063 days.","2024-08-24 00:03:26"
304,87,36,"Gap Between Transactions Exceeds 1 year","Gap between transaction on 2021-04-14 transaction id 261 and 2022-08-14 is 487 days.","2024-08-24 00:03:26"
305,88,4215,"Gap Between Transactions Exceeds 1 year","Gap between transaction on 2011-12-02 transaction id 3201 and 2013-07-01 is 577 days.","2024-08-24 00:03:26"
306,89,3376,"Gap Between Transactions Exceeds 1 year","Gap between transaction on 2017-01-31 transaction id 3323 and 2018-04-09 is 433 days.","2024-08-24 00:03:26"
307,94,3343,"Gap Between Transactions Exceeds 1 year","Gap between transaction on 2008-05-28 transaction id 623 and 2009-07-26 is 424 days.","2024-08-24 00:03:26"
308,96,2994,"Gap Between Transactions Exceeds 1 year","Gap between transaction on 2021-03-02 transaction id 2970 and 2022-09-08 is 555 days.","2024-08-24 00:03:26"
309,113,975,"Gap Between Transactions Exceeds 1 year","Gap between transaction on 2016-01-25 transaction id 2610 and 2018-09-26 is 975 days.","2024-08-24 00:03:26"
310,116,2521,"Gap Between Transactions Exceeds 1 year","Gap between transaction on 2020-08-17 transaction id 3660 and 2022-06-16 is 668 days.","2024-08-24 00:03:26"
311,118,1109,"Gap Between Transactions Exceeds 1 year","Gap between transaction on 2008-11-13 transaction id 2523 and 2012-01-08 is 1151 days.","2024-08-24 00:03:26"
312,118,2366,"Gap Between Transactions Exceeds 1 year","Gap between transaction on 2012-03-04 transaction id 1337 and 2013-09-22 is 567 days.","2024-08-24 00:03:26"
313,121,4104,"Gap Between Transactions Exceeds 1 year","Gap between transaction on 2004-10-01 transaction id 2897 and 2005-12-09 is 434 days.","2024-08-24 00:03:26"
314,122,2142,"Gap Between Transactions Exceeds 1 year","Gap between transaction on 2015-08-15 transaction id 523 and 2017-04-16 is 610 days.","2024-08-24 00:03:26"
315,123,2538,"Gap Between Transactions Exceeds 1 year","Gap between transaction on 2005-06-14 transaction id 260 and 2009-02-16 is 1343 days.","2024-08-24 00:03:26"
316,125,4457,"Gap Between Transactions Exceeds 1 year","Gap between transaction on 2021-02-12 transaction id 1747 and 2022-06-25 is 498 days.","2024-08-24 00:03:26"
317,125,4792,"Gap Between Transactions Exceeds 1 year","Gap between transaction on 2023-03-13 transaction id 4606 and 2024-06-26 is 471 days.","2024-08-24 00:03:26"
318,126,27,"Gap Between Transactions Exceeds 1 year","Gap between transaction on 2018-01-19 transaction id 2102 and 2020-01-03 is 714 days.","2024-08-24 00:03:26"
319,126,4247,"Gap Between Transactions Exceeds 1 year","Gap between transaction on 2023-01-03 transaction id 454 and 2024-04-14 is 467 days.","2024-08-24 00:03:26"
320,130,354,"Gap Between Transactions Exceeds 1 year","Gap between transaction on 2010-08-14 transaction id 4561 and 2012-05-28 is 653 days.","2024-08-24 00:03:26"
321,131,467,"Gap Between Transactions Exceeds 1 year","Gap between transaction on 2022-09-04 transaction id 1823 and 2023-09-25 is 386 days.","2024-08-24 00:03:26"
322,136,4765,"Gap Between Transactions Exceeds 1 year","Gap between transaction on 2021-03-03 transaction id 1130 and 2022-07-13 is 497 days.","2024-08-24 00:03:26"
323,139,2956,"Gap Between Transactions Exceeds 1 year","Gap between transaction on 2022-03-27 transaction id 4012 and 2023-05-29 is 428 days.","2024-08-24 00:03:26"
324,139,1821,"Gap Between Transactions Exceeds 1 year","Gap between transaction on 2020-03-29 transaction id 4645 and 2021-11-25 is 606 days.","2024-08-24 00:03:26"
325,139,948,"Gap Between Transactions Exceeds 1 year","Gap between transaction on 2023-06-17 transaction id 726 and 2024-07-08 is 387 days.","2024-08-24 00:03:26"
326,143,2605,"Gap Between Transactions Exceeds 1 year","Gap between transaction on 2011-03-21 transaction id 4358 and 2013-07-20 is 852 days.","2024-08-24 00:03:26"
327,143,967,"Gap Between Transactions Exceeds 1 year","Gap between transaction on 2014-07-04 transaction id 530 and 2015-08-31 is 423 days.","2024-08-24 00:03:26"
328,144,3708,"Gap Between Transactions Exceeds 1 year","Gap between transaction on 2011-09-07 transaction id 2468 and 2013-09-28 is 752 days.","2024-08-24 00:03:26"
329,144,1455,"Gap Between Transactions Exceeds 1 year","Gap between transaction on 2018-03-22 transaction id 4340 and 2020-11-30 is 984 days.","2024-08-24 00:03:26"
330,146,2599,"Gap Between Transactions Exceeds 1 year","Gap between transaction on 2011-09-24 transaction id 4907 and 2014-02-17 is 877 days.","2024-08-24 00:03:26"
331,155,3737,"Gap Between Transactions Exceeds 1 year","Gap between transaction on 2020-12-16 transaction id 647 and 2022-05-03 is 503 days.","2024-08-24 00:03:26"
332,158,2113,"Gap Between Transactions Exceeds 1 year","Gap between transaction on 2016-06-30 transaction id 2139 and 2017-11-23 is 511 days.","2024-08-24 00:03:26"
333,160,1814,"Gap Between Transactions Exceeds 1 year","Gap between transaction on 2013-03-20 transaction id 3514 and 2014-04-23 is 399 days.","2024-08-24 00:03:26"
334,162,2845,"Gap Between Transactions Exceeds 1 year","Gap between transaction on 2017-01-31 transaction id 4433 and 2018-07-24 is 539 days.","2024-08-24 00:03:26"
335,163,274,"Gap Between Transactions Exceeds 1 year","Gap between transaction on 2015-07-20 transaction id 3004 and 2016-08-13 is 390 days.","2024-08-24 00:03:26"
336,167,257,"Gap Between Transactions Exceeds 1 year","Gap between transaction on 2019-05-29 transaction id 3408 and 2020-07-05 is 403 days.","2024-08-24 00:03:26"
337,171,468,"Gap Between Transactions Exceeds 1 year","Gap between transaction on 2013-09-13 transaction id 22 and 2015-01-11 is 485 days.","2024-08-24 00:03:26"
338,171,3641,"Gap Between Transactions Exceeds 1 year","Gap between transaction on 2010-10-22 transaction id 4526 and 2012-06-10 is 597 days.","2024-08-24 00:03:26"
339,173,4983,"Gap Between Transactions Exceeds 1 year","Gap between transaction on 2014-02-20 transaction id 1656 and 2015-03-03 is 376 days.","2024-08-24 00:03:26"
340,174,4813,"Gap Between Transactions Exceeds 1 year","Gap between transaction on 2016-09-02 transaction id 727 and 2017-12-18 is 472 days.","2024-08-24 00:03:26"
341,181,1770,"Gap Between Transactions Exceeds 1 year","Gap between transaction on 2012-11-22 transaction id 4554 and 2016-04-13 is 1238 days.","2024-08-24 00:03:26"
342,182,1343,"Gap Between Transactions Exceeds 1 year","Gap between transaction on 2016-10-28 transaction id 2481 and 2017-12-10 is 408 days.","2024-08-24 00:03:26"
343,183,2921,"Gap Between Transactions Exceeds 1 year","Gap between transaction on 2017-08-15 transaction id 4211 and 2019-01-20 is 523 days.","2024-08-24 00:03:26"
344,183,3973,"Gap Between Transactions Exceeds 1 year","Gap between transaction on 2020-06-11 transaction id 2938 and 2021-08-02 is 417 days.","2024-08-24 00:03:26"
345,194,1630,"Gap Between Transactions Exceeds 1 year","Gap between transaction on 2015-02-21 transaction id 3328 and 2016-06-27 is 492 days.","2024-08-24 00:03:26"
